frame,track_id,label,is_true_detection,lidar_distance,camera_distance,distance_diff,fps
1,-1,,0,,,,82.83
2,-1,,0,,,,1.45
3,1,turtlebot,1,1.4739999771118164,0.2666527865353741,1.2073471905764424,39.54
4,1,turtlebot,1,1.4390000104904175,0.2666527865353741,1.1723472239550434,39.96
5,1,turtlebot,1,1.4459999799728394,0.2791410997911054,1.166858880181734,39.9
6,1,turtlebot,1,1.4459999799728394,0.27280467206671555,1.173195307906124,39.68
7,1,turtlebot,1,1.468999981880188,0.2666527865353741,1.202347195344814,38.5
8,1,turtlebot,1,1.468999981880188,0.2666527865353741,1.202347195344814,39.57
9,1,turtlebot,1,1.468999981880188,0.2666527865353741,1.202347195344814,36.65
10,1,turtlebot,1,1.468999981880188,0.26067812771579413,1.2083218541643939,37.47
11,1,turtlebot,1,1.468999981880188,0.2666527865353741,1.202347195344814,31.39
12,1,turtlebot,1,1.468999981880188,0.2666527865353741,1.202347195344814,40.21
13,1,turtlebot,1,1.468999981880188,0.2666527865353741,1.202347195344814,41.63
14,1,turtlebot,1,1.4450000524520874,0.2791410997911054,1.165858952660982,41.33
15,1,turtlebot,1,1.4450000524520874,0.2666527865353741,1.1783472659167133,9.83
16,1,turtlebot,1,1.4450000524520874,0.2666527865353741,1.1783472659167133,10.21
17,1,turtlebot,1,1.4520000219345093,0.2666527865353741,1.1853472353991352,39.6
18,1,turtlebot,1,1.4520000219345093,0.2791410997911054,1.1728589221434038,33.46
19,1,turtlebot,1,1.4520000219345093,0.2548737436803215,1.1971262782541878,27.01
20,1,turtlebot,1,1.4520000219345093,0.249233024445843,1.2027669974886663,16.72
21,1,turtlebot,1,1.4520000219345093,0.249233024445843,1.2027669974886663,30.08
22,1,turtlebot,1,1.4620000123977661,0.2548737436803215,1.2071262687174447,23.29
23,1,turtlebot,1,1.4620000123977661,0.23323147187787457,1.2287685405198916,20.39
24,1,turtlebot,1,1.4620000123977661,0.23323147187787457,1.2287685405198916,17.85
25,1,turtlebot,1,2.134999990463257,0.22818547481810797,1.9068145156451488,15.91
26,1,turtlebot,1,2.134999990463257,0.24374968185416074,1.8912503086090962,14.99
27,1,turtlebot,1,2.134999990463257,0.23841773082536105,1.8965822596378958,14.89
28,1,turtlebot,1,1.4299999475479126,0.2548737436803215,1.1751262038675911,15.12
29,1,turtlebot,1,1.4299999475479126,0.2548737436803215,1.1751262038675911,14.33
30,1,turtlebot,1,1.4299999475479126,0.2548737436803215,1.1751262038675911,15.59
31,1,turtlebot,1,1.4329999685287476,0.26067812771579413,1.1723218408129534,15.05
32,1,turtlebot,1,1.4329999685287476,0.27280467206671555,1.1601952964620321,15.05
33,1,turtlebot,1,1.4329999685287476,0.2791410997911054,1.153858868737642,9.56
34,1,turtlebot,1,1.4010000228881836,0.249233024445843,1.1517669984423407,31.44
35,1,turtlebot,1,1.4010000228881836,0.23841773082536105,1.1625822920628226,14.04
36,1,turtlebot,1,1.4010000228881836,0.23841773082536105,1.1625822920628226,16.74
37,1,turtlebot,1,1.3300000429153442,0.249233024445843,1.0807670184695013,15.18
38,1,turtlebot,1,1.3300000429153442,0.23323147187787457,1.0967685710374697,15.05
39,1,turtlebot,1,1.3300000429153442,0.23323147187787457,1.0967685710374697,13.9
40,1,turtlebot,1,1.3389999866485596,0.22818547481810797,1.1108145118304515,16.3
41,1,turtlebot,1,1.3389999866485596,0.22818547481810797,1.1108145118304515,14.89
42,1,turtlebot,1,1.3389999866485596,0.22327456351083647,1.1157254231377232,14.97
43,1,turtlebot,1,1.3389999866485596,0.22327456351083647,1.1157254231377232,10.7
44,1,turtlebot,1,1.2510000467300415,0.21849380164908005,1.0325062450809614,10.3
45,1,turtlebot,1,1.2510000467300415,0.2138384794490038,1.0371615672810377,22.82
46,1,turtlebot,1,1.3170000314712524,0.21849380164908005,1.0985062298221724,31.38
47,1,turtlebot,1,1.3170000314712524,0.2138384794490038,1.1031615520222486,15.03
48,1,turtlebot,1,1.3170000314712524,0.2548737436803215,1.062126287790931,15.0
49,1,turtlebot,1,1.4140000343322754,0.2548737436803215,1.159126290651954,14.41
50,1,turtlebot,1,1.4140000343322754,0.26067812771579413,1.1533219066164813,15.63
51,1,turtlebot,1,1.4140000343322754,0.26067812771579413,1.1533219066164813,15.03
52,1,turtlebot,1,1.3669999837875366,0.26067812771579413,1.1063218560717425,14.69
53,1,turtlebot,1,1.3669999837875366,0.2666527865353741,1.1003471972521626,12.72
54,1,turtlebot,1,1.3669999837875366,0.2666527865353741,1.1003471972521626,17.56
55,1,turtlebot,1,1.2480000257492065,0.26067812771579413,0.9873218980334124,15.76
56,1,turtlebot,1,1.2480000257492065,0.2666527865353741,0.9813472392138325,15.1
57,1,turtlebot,1,1.2480000257492065,0.2666527865353741,0.9813472392138325,14.86
58,1,turtlebot,1,1.315999984741211,0.2666527865353741,1.0493471982058369,15.04
59,1,turtlebot,1,1.315999984741211,0.27280467206671555,1.0431953126744955,11.39
60,1,turtlebot,1,1.315999984741211,0.27280467206671555,1.0431953126744955,9.19
61,1,turtlebot,1,1.2929999828338623,0.27280467206671555,1.0201953107671469,11.2
62,1,turtlebot,1,1.2929999828338623,0.27280467206671555,1.0201953107671469,28.32
63,1,turtlebot,1,1.2929999828338623,0.27280467206671555,1.0201953107671469,29.05
64,1,turtlebot,1,1.7280000448226929,0.2791410997911054,1.4488589450315874,22.71
65,1,turtlebot,1,1.7280000448226929,0.2791410997911054,1.4488589450315874,15.49
66,1,turtlebot,1,1.7280000448226929,0.2791410997911054,1.4488589450315874,14.89
67,1,turtlebot,1,1.2730000019073486,0.285669771969743,0.9873302299376057,15.11
68,1,turtlebot,1,1.2730000019073486,0.285669771969743,0.9873302299376057,14.33
69,1,turtlebot,1,1.2730000019073486,0.2791410997911054,0.9938589021162432,15.21
70,1,turtlebot,1,1.2730000019073486,0.285669771969743,0.9873302299376057,14.67
71,1,turtlebot,1,1.25,0.285669771969743,0.964330228030257,15.85
72,1,turtlebot,1,1.25,0.285669771969743,0.964330228030257,15.0
73,1,turtlebot,1,1.25,0.29239880262741114,0.9576011973725889,14.46
74,1,turtlebot,1,1.156999945640564,0.29239880262741114,0.8646011430131528,14.83
75,1,turtlebot,1,1.156999945640564,0.2993367444475917,0.8576632011929723,15.67
76,1,turtlebot,1,1.156999945640564,0.2993367444475917,0.8576632011929723,9.7
77,1,turtlebot,1,1.100000023841858,0.29239880262741114,0.8076012212144468,29.34
78,1,turtlebot,1,1.100000023841858,0.2993367444475917,0.8006632793942663,8.74
79,1,,0,1.100000023841858,,,33.32
80,1,,0,0.921999990940094,,,19.51
81,1,,0,0.921999990940094,,,15.0
82,1,,0,0.906000018119812,,,15.0
83,1,,0,0.906000018119812,,,14.84
84,1,,0,0.906000018119812,,,14.7
85,1,,0,0.7369999885559082,,,15.47
86,1,,0,0.7369999885559082,,,14.96
87,1,,0,0.7369999885559082,,,14.91
88,1,,0,0.7369999885559082,,,13.75
89,6,turtlebot,1,0.7509999871253967,0.15964321847913937,0.5913567686462573,9.74
90,6,turtlebot,1,0.7509999871253967,0.15642612887832164,0.5945738582470751,40.44
91,6,turtlebot,1,0.7509999871253967,0.15642612887832164,0.5945738582470751,14.78
92,6,turtlebot,1,0.6890000104904175,0.15328178361834238,0.535718226872075,15.37
93,6,turtlebot,1,0.6890000104904175,0.15328178361834238,0.535718226872075,14.45
94,6,turtlebot,1,0.6890000104904175,0.15020792448300002,0.5387920860074175,14.56
95,6,turtlebot,1,0.6890000104904175,0.1472023815876175,0.5417976289027999,15.71
96,6,turtlebot,1,0.6890000104904175,0.1472023815876175,0.5417976289027999,15.02
97,6,turtlebot,1,0.6890000104904175,0.14138798197575003,0.5476120285146675,15.07
98,6,turtlebot,1,1.0260000228881836,0.13857519093650617,0.8874248319516774,15.05
99,6,turtlebot,1,1.0260000228881836,0.13857519093650617,0.8874248319516774,14.24
100,6,turtlebot,1,1.0260000228881836,0.13582284027360883,0.8901771826145748,15.83
101,6,turtlebot,1,1.1469999551773071,0.13582284027360883,1.0111771149036983,14.96
102,6,turtlebot,1,1.1469999551773071,0.13312914386940133,1.0138708113079058,14.93
103,6,turtlebot,1,1.1469999551773071,,,14.81
104,6,turtlebot,1,1.1200000047683716,,,14.53
105,6,turtlebot,1,1.1200000047683716,,,15.78
106,6,turtlebot,1,1.1200000047683716,,,14.98
107,6,turtlebot,1,1.1749999523162842,,,15.06
108,6,turtlebot,1,1.1749999523162842,,,14.92
109,6,turtlebot,1,1.1749999523162842,,,14.26
110,6,turtlebot,1,2.430000066757202,,,15.96
111,6,turtlebot,1,2.430000066757202,,,14.97
112,6,turtlebot,1,2.430000066757202,,,14.69
113,6,turtlebot,1,0.7559999823570251,,,15.16
114,6,turtlebot,1,0.7559999823570251,,,14.22
115,6,turtlebot,1,0.7559999823570251,,,15.68
116,6,turtlebot,1,0.6259999871253967,,,15.36
117,6,turtlebot,1,0.6259999871253967,,,15.01
118,6,turtlebot,1,0.6259999871253967,,,15.01
119,6,,0,0.6480000019073486,,,14.29
120,6,,0,0.6480000019073486,,,15.65
121,6,,0,0.6480000019073486,,,15.03
122,6,,0,0.7639999985694885,,,15.05
123,6,,0,0.7639999985694885,,,14.68
124,6,,0,0.7639999985694885,,,14.63
125,6,,0,0.18000000715255737,,,15.75
126,6,,0,0.18000000715255737,,,14.98
127,6,,0,0.18000000715255737,,,14.97
128,6,,0,0.1469999998807907,,,14.99
129,-1,,0,0.1469999998807907,,,14.92
130,-1,,0,0.1469999998807907,,,15.48
131,-1,,0,0.7720000147819519,,,14.96
132,-1,,0,0.7720000147819519,,,14.97
133,-1,,0,0.7720000147819519,,,14.76
134,-1,,0,0.6690000295639038,,,14.81
135,-1,,0,0.6690000295639038,,,15.23
136,-1,,0,0.6690000295639038,,,15.19
137,-1,,0,0.6579999923706055,,,14.94
138,-1,,0,0.6579999923706055,,,15.08
139,-1,,0,0.6579999923706055,,,14.59
140,-1,,0,0.6940000057220459,,,15.47
141,-1,,0,0.6940000057220459,,,14.91
142,-1,,0,0.6940000057220459,,,15.06
143,-1,,0,0.6729999780654907,,,14.91
144,-1,,0,0.6729999780654907,,,14.46
145,-1,,0,0.6729999780654907,,,15.6
146,-1,,0,0.6480000019073486,,,15.03
147,-1,,0,0.6480000019073486,,,14.68
148,-1,,0,0.6480000019073486,,,15.43
149,-1,,0,0.675000011920929,,,14.57
150,-1,,0,0.675000011920929,,,15.43
151,-1,,0,0.675000011920929,,,14.99
152,-1,,0,0.628000020980835,,,14.99
153,-1,,0,0.628000020980835,,,14.73
154,-1,,0,0.628000020980835,,,14.9
155,-1,,0,0.6570000052452087,,,15.49
156,-1,,0,0.6570000052452087,,,14.4
157,-1,,0,0.6570000052452087,,,15.52
158,-1,,0,0.640999972820282,,,15.03
159,-1,,0,0.640999972820282,,,14.12
160,-1,,0,0.640999972820282,,,16.08
161,-1,,0,0.628000020980835,,,14.56
162,-1,,0,0.628000020980835,,,15.01
163,-1,,0,0.628000020980835,,,14.79
164,-1,,0,0.6710000038146973,,,14.64
165,-1,,0,0.6710000038146973,,,15.51
166,-1,,0,0.6710000038146973,,,15.08
167,-1,,0,0.6869999766349792,,,15.0
168,-1,,0,0.6869999766349792,,,14.96
169,-1,,0,0.6869999766349792,,,14.52
170,-1,,0,0.6669999957084656,,,15.5
171,-1,,0,0.6669999957084656,,,14.93
172,-1,,0,0.6669999957084656,,,14.96
173,-1,,0,0.6779999732971191,,,14.94
174,-1,,0,0.6779999732971191,,,14.56
175,-1,,0,0.6779999732971191,,,15.59
176,-1,,0,0.6269999742507935,,,14.97
177,-1,,0,0.6269999742507935,,,15.08
178,-1,,0,0.6269999742507935,,,15.01
179,-1,,0,0.6480000019073486,,,14.43
180,-1,,0,0.6480000019073486,,,15.65
181,-1,,0,0.6480000019073486,,,14.95
182,-1,,0,0.6579999923706055,,,15.08
183,-1,,0,0.6579999923706055,,,14.7
184,-1,,0,0.6579999923706055,,,14.73
185,-1,,0,0.6790000200271606,,,15.63
186,-1,,0,0.6790000200271606,,,15.01
187,-1,,0,0.6790000200271606,,,14.94
188,-1,,0,0.6449999809265137,,,14.9
189,-1,,0,0.6449999809265137,,,14.47
190,-1,,0,0.6449999809265137,,,15.62
191,-1,,0,0.6629999876022339,,,15.0
192,-1,,0,0.6629999876022339,,,14.96
193,-1,,0,0.6629999876022339,,,14.89
194,-1,,0,0.6769999861717224,,,14.33
195,-1,,0,0.6769999861717224,,,16.02
196,-1,,0,0.6769999861717224,,,14.93
197,-1,,0,0.6510000228881836,,,15.35
198,-1,,0,0.6510000228881836,,,15.03
199,-1,,0,0.6510000228881836,,,14.66
200,-1,,0,0.6439999938011169,,,15.39
201,-1,,0,0.6439999938011169,,,14.87
202,-1,,0,0.6439999938011169,,,15.17
203,-1,,0,0.6769999861717224,,,14.81
204,-1,,0,0.6769999861717224,,,14.81
205,-1,,0,0.6769999861717224,,,15.39
206,-1,,0,0.6840000152587891,,,15.01
207,-1,,0,0.6840000152587891,,,14.94
208,-1,,0,0.6840000152587891,,,14.98
209,-1,,0,0.6240000128746033,,,14.69
210,-1,,0,0.6240000128746033,,,14.9
211,-1,,0,0.6240000128746033,,,15.02
212,-1,,0,0.6460000276565552,,,15.14
213,-1,,0,0.6460000276565552,,,14.71
214,-1,,0,0.6460000276565552,,,14.69
215,-1,,0,0.6850000023841858,,,15.53
216,-1,,0,0.6850000023841858,,,14.97
217,-1,,0,0.6850000023841858,,,15.07
218,-1,,0,0.6899999976158142,,,15.04
219,-1,,0,0.6899999976158142,,,14.41
220,-1,,0,0.6899999976158142,,,15.62
221,-1,,0,0.6589999794960022,,,15.03
222,-1,,0,0.6589999794960022,,,14.9
223,-1,,0,0.6589999794960022,,,14.91
224,-1,,0,0.6790000200271606,,,14.6
225,-1,,0,0.6790000200271606,,,15.6
226,-1,,0,0.6790000200271606,,,15.03
227,-1,,0,0.6819999814033508,,,14.96
228,-1,,0,0.6819999814033508,,,14.94
229,-1,,0,0.6819999814033508,,,14.43
230,-1,,0,0.6840000152587891,,,15.74
231,-1,,0,0.6840000152587891,,,15.02
232,-1,,0,0.6840000152587891,,,14.64
233,-1,,0,0.6650000214576721,,,15.09
234,-1,,0,0.6650000214576721,,,14.52
235,-1,,0,0.6650000214576721,,,15.45
236,-1,,0,0.6660000085830688,,,15.27
237,-1,,0,0.6660000085830688,,,15.01
238,-1,,0,0.6660000085830688,,,15.06
239,-1,,0,0.6850000023841858,,,14.42
240,-1,,0,0.6850000023841858,,,15.64
241,-1,,0,0.6850000023841858,,,14.99
242,-1,,0,0.6790000200271606,,,14.97
243,-1,,0,0.6790000200271606,,,15.13
244,-1,,0,0.6790000200271606,,,14.87
245,-1,,0,0.6650000214576721,,,15.46
246,-1,,0,0.6650000214576721,,,14.27
247,-1,,0,0.6650000214576721,,,15.39
248,-1,,0,0.6859999895095825,,,14.9
249,-1,,0,0.6859999895095825,,,14.47
250,-1,,0,0.6859999895095825,,,15.68
251,-1,,0,0.6679999828338623,,,14.88
252,-1,,0,0.6679999828338623,,,15.05
253,-1,,0,0.6679999828338623,,,14.86
254,-1,,0,0.6650000214576721,,,14.56
255,-1,,0,0.6650000214576721,,,15.62
256,-1,,0,0.6650000214576721,,,15.08
257,-1,,0,0.6650000214576721,,,14.76
258,-1,,0,0.6650000214576721,,,15.19
259,-1,,0,0.6650000214576721,,,14.46
260,-1,,0,0.6269999742507935,,,15.67
261,-1,,0,0.6269999742507935,,,14.94
262,-1,,0,0.6269999742507935,,,15.04
263,-1,,0,0.6610000133514404,,,14.6
264,-1,,0,0.6610000133514404,,,14.7
265,-1,,0,0.6610000133514404,,,15.69
266,-1,,0,0.6740000247955322,,,15.05
267,-1,,0,0.6740000247955322,,,14.9
268,-1,,0,0.6740000247955322,,,15.09
269,-1,,0,0.6729999780654907,,,14.42
270,-1,,0,0.6729999780654907,,,15.31
271,-1,,0,0.6729999780654907,,,15.31
272,-1,,0,0.1589999943971634,,,15.03
273,-1,,0,0.1589999943971634,,,14.47
274,-1,,0,0.1589999943971634,,,14.84
275,-1,,0,0.12200000137090683,,,15.79
276,-1,,0,0.12200000137090683,,,14.99
277,-1,,0,0.12200000137090683,,,15.03
278,-1,,0,0.1340000033378601,,,15.0
279,-1,,0,0.1340000033378601,,,14.3
280,-1,,0,0.1340000033378601,,,15.69
281,-1,,0,0.12200000137090683,,,15.09
282,-1,,0,0.12200000137090683,,,15.0
283,-1,,0,0.12200000137090683,,,15.22
284,-1,,0,0.7020000219345093,,,14.18
285,-1,,0,0.7020000219345093,,,15.59
286,-1,,0,0.7020000219345093,,,15.04
287,-1,,0,0.6859999895095825,,,15.15
288,-1,,0,0.6859999895095825,,,14.96
289,-1,,0,0.6859999895095825,,,14.35
290,-1,,0,0.6859999895095825,,,15.84
291,-1,,0,0.6859999895095825,,,15.05
292,-1,,0,0.6859999895095825,,,14.96
293,-1,,0,0.20100000500679016,,,14.73
294,-1,,0,0.20100000500679016,,,14.34
295,-1,,0,0.20100000500679016,,,15.98
296,-1,,0,0.23499999940395355,,,15.03
297,-1,,0,0.23499999940395355,,,14.76
298,-1,,0,0.23499999940395355,,,15.15
299,-1,,0,0.21799999475479126,,,14.21
300,-1,,0,0.21799999475479126,,,15.83
301,-1,,0,0.21799999475479126,,,15.05
302,-1,,0,0.20399999618530273,,,15.01
303,-1,,0,0.20399999618530273,,,14.84
304,-1,,0,0.20399999618530273,,,14.32
305,-1,,0,0.19599999487400055,,,15.85
306,-1,,0,0.19599999487400055,,,14.95
307,-1,,0,0.19599999487400055,,,15.09
308,-1,,0,0.18299999833106995,,,14.75
309,-1,,0,0.18299999833106995,,,14.45
310,-1,,0,0.18299999833106995,,,15.83
311,-1,,0,0.1899999976158142,,,14.68
312,-1,,0,0.1899999976158142,,,15.37
313,-1,,0,0.1899999976158142,,,14.78
314,-1,,0,0.1940000057220459,,,14.14
315,-1,,0,0.1940000057220459,,,16.26
316,-1,,0,0.1940000057220459,,,15.15
317,-1,,0,0.2070000022649765,,,15.1
318,-1,,0,0.2070000022649765,,,14.99
319,-1,,0,0.2070000022649765,,,14.24
320,-1,,0,0.2070000022649765,,,16.0
321,-1,,0,0.2070000022649765,,,14.82
322,-1,,0,0.2070000022649765,,,15.24
323,-1,,0,0.29499998688697815,,,14.78
324,-1,,0,0.29499998688697815,,,14.22
325,-1,,0,0.29499998688697815,,,16.07
326,-1,,0,0.29499998688697815,,,15.03
327,-1,,0,0.29499998688697815,,,14.87
328,-1,,0,0.29499998688697815,,,14.99
329,-1,,0,0.4620000123977661,,,14.45
330,-1,,0,0.4620000123977661,,,15.65
331,-1,,0,0.4620000123977661,,,15.03
332,-1,,0,0.8230000138282776,,,15.01
333,-1,,0,0.8230000138282776,,,14.71
334,-1,,0,0.8230000138282776,,,14.62
335,-1,,0,1.6449999809265137,,,15.77
336,-1,,0,1.6449999809265137,,,15.34
337,-1,,0,1.6449999809265137,,,15.06
338,-1,,0,1.6449999809265137,,,14.99
339,-1,,0,1.6449999809265137,,,14.49
340,-1,,0,1.6449999809265137,,,15.44
341,-1,,0,1.2269999980926514,,,15.04
342,-1,,0,1.2269999980926514,,,15.01
343,11,turtlebot,1,1.2269999980926514,0.1697549544624083,1.057245043630243,14.6
344,11,turtlebot,1,1.0410000085830688,0.15328178361834238,0.8877182249647264,14.94
345,11,turtlebot,1,1.0410000085830688,0.19229297374632798,0.8487070348367409,15.34
346,11,turtlebot,1,1.0410000085830688,0.19229297374632798,0.8487070348367409,14.78
347,11,turtlebot,1,1.1460000276565552,0.1883025962529024,0.9576974314036528,15.3
348,11,turtlebot,1,1.1460000276565552,0.1697549544624083,0.9762450731941469,15.12
349,11,turtlebot,1,1.1460000276565552,0.16293540335793433,0.9830646242986208,14.02
350,11,turtlebot,1,1.1540000438690186,0.1697549544624083,0.9842450894066103,16.01
351,11,turtlebot,1,1.1540000438690186,0.16630513182015277,0.9876949120488658,14.82
352,11,turtlebot,1,1.1540000438690186,0.16293540335793433,0.9910646405110842,15.21
353,11,turtlebot,1,1.156000018119812,0.16630513182015277,0.9896948862996593,14.85
354,11,turtlebot,1,1.156000018119812,0.16630513182015277,0.9896948862996593,14.66
355,11,turtlebot,1,1.156000018119812,0.17328752938971514,0.9827124887300969,15.58
356,11,turtlebot,1,1.180999994277954,0.18061213959004363,1.0003878546879106,14.95
357,11,turtlebot,1,1.180999994277954,0.17328752938971514,1.007712464888239,12.19
358,11,turtlebot,1,1.180999994277954,0.17328752938971514,1.007712464888239,19.17
359,11,turtlebot,1,1.1729999780654907,0.17690562774745616,0.9960943503180346,14.75
360,11,turtlebot,1,1.1729999780654907,0.17328752938971514,0.9997124486757756,15.42
361,11,turtlebot,1,1.1729999780654907,0.1697549544624083,1.0032450236030823,14.8
362,11,turtlebot,1,1.0920000076293945,0.17328752938971514,0.9187124782396794,15.28
363,11,turtlebot,1,1.0920000076293945,0.1697549544624083,0.9222450531669862,14.77
364,11,turtlebot,1,1.0920000076293945,0.16630513182015277,0.9256948758092418,14.72
365,11,turtlebot,1,1.0829999446868896,0.1697549544624083,0.9132449902244814,15.47
366,11,turtlebot,1,1.0829999446868896,0.1697549544624083,0.9132449902244814,15.05
367,11,turtlebot,1,1.0829999446868896,0.16630513182015277,0.9166948128667369,12.87
368,11,turtlebot,1,2.2320001125335693,0.15964321847913937,2.07235689405443,17.86
369,11,turtlebot,1,2.2320001125335693,0.16630513182015277,2.0656949807134164,14.57
370,11,turtlebot,1,2.2320001125335693,0.16293540335793433,2.069064709175635,13.06
371,11,turtlebot,1,1.1349999904632568,0.15642612887832164,0.9785738615849352,18.32
372,11,turtlebot,1,1.1349999904632568,0.15964321847913937,0.9753567719841174,15.04
373,11,turtlebot,1,1.1349999904632568,0.15964321847913937,0.9753567719841174,14.8
374,11,turtlebot,1,1.1349999904632568,0.15328178361834238,0.9817182068449144,11.73
375,11,turtlebot,1,1.1299999952316284,0.15020792448300002,0.9797920707486284,21.23
376,11,turtlebot,1,1.1299999952316284,0.15328178361834238,0.976718211613286,14.99
377,11,turtlebot,1,1.1299999952316284,0.15328178361834238,0.976718211613286,15.05
378,11,turtlebot,1,1.1299999952316284,0.15964321847913937,0.970356776752489,14.94
379,11,turtlebot,1,1.1299999952316284,0.1472023815876175,0.9827976136440109,14.5
380,11,turtlebot,1,0.9190000295639038,0.15328178361834238,0.7657182459455614,15.55
381,11,turtlebot,1,0.9190000295639038,0.16630513182015277,0.7526948977437511,13.88
382,11,turtlebot,1,0.9190000295639038,0.16630513182015277,0.7526948977437511,16.33
383,11,turtlebot,1,1.024999976158142,0.14138798197575003,0.8836119941823921,14.95
384,11,turtlebot,1,1.024999976158142,0.15020792448300002,0.8747920516751421,14.62
385,11,turtlebot,1,1.024999976158142,0.15964321847913937,0.8653567576790027,13.76
386,11,turtlebot,1,1.1130000352859497,0.15328178361834238,0.9597182516676073,17.02
387,11,turtlebot,1,1.1130000352859497,0.15964321847913937,0.9533568168068103,12.17
388,11,turtlebot,1,1.1130000352859497,0.16293540335793433,0.9500646319280154,9.43
389,11,turtlebot,1,1.1130000352859497,0.16293540335793433,0.9500646319280154,9.43
390,11,turtlebot,1,2.1619999408721924,0.15020792448300002,2.0117920163891925,9.33
391,11,turtlebot,1,2.1619999408721924,0.1472023815876175,2.014797559284575,8.97
392,11,turtlebot,1,2.1689999103546143,0.15020792448300002,2.0187919858716143,14.1
393,11,turtlebot,1,2.1689999103546143,0.15642612887832164,2.0125737814762927,8.27
394,11,turtlebot,1,2.1689999103546143,0.15020792448300002,2.0187919858716143,13.84
395,11,turtlebot,1,2.1689999103546143,0.15328178361834238,2.015718126736272,13.91
396,11,turtlebot,1,1.0360000133514404,0.15964321847913937,0.876356794872301,9.03
397,11,turtlebot,1,1.0360000133514404,0.16293540335793433,0.8730646099935061,9.26
398,11,turtlebot,1,2.127000093460083,0.15328178361834238,1.9737183098417406,13.92
399,11,turtlebot,1,2.127000093460083,0.15020792448300002,1.976792168977083,13.91
400,11,turtlebot,1,1.065999984741211,0.15964321847913937,0.9063567662620715,14.84
401,11,turtlebot,1,1.065999984741211,0.15642612887832164,0.9095738558628893,9.14
402,11,turtlebot,1,1.065999984741211,0.15328178361834238,0.9127182011228685,15.01
403,11,turtlebot,1,0.9279999732971191,0.15642612887832164,0.7715738444187975,9.05
404,11,turtlebot,1,0.9279999732971191,0.16293540335793433,0.7650645699391848,13.91
405,11,turtlebot,1,1.0199999809265137,0.16293540335793433,0.8570645775685793,13.92
406,11,turtlebot,1,1.0199999809265137,0.15642612887832164,0.863573852048192,13.94
407,11,turtlebot,1,1.0199999809265137,0.15964321847913937,0.8603567624473742,14.04
408,11,turtlebot,1,0.9409999847412109,0.15964321847913937,0.7813567662620715,15.33
409,11,turtlebot,1,0.9409999847412109,0.15642612887832164,0.7845738558628893,10.47
410,11,turtlebot,1,0.9789999723434448,0.15964321847913937,0.8193567538643054,11.95
411,11,turtlebot,1,0.9789999723434448,0.15964321847913937,0.8193567538643054,13.77
412,11,turtlebot,1,0.9789999723434448,0.16293540335793433,0.8160645689855105,13.54
413,11,turtlebot,1,0.9649999737739563,0.16293540335793433,0.802064570416022,12.41
414,11,turtlebot,1,0.9649999737739563,0.17328752938971514,0.7917124443842412,13.85
415,11,turtlebot,1,0.9649999737739563,0.17328752938971514,0.7917124443842412,12.36
416,11,turtlebot,1,0.9399999976158142,0.18061213959004363,0.7593878580257706,12.14
417,11,turtlebot,1,0.9399999976158142,0.17328752938971514,0.7667124682260991,12.25
418,11,turtlebot,1,0.9309999942779541,0.1697549544624083,0.7612450398155458,13.4
419,11,turtlebot,1,0.9309999942779541,0.1697549544624083,0.7612450398155458,13.25
420,11,turtlebot,1,0.9309999942779541,0.17328752938971514,0.757712464888239,13.83
421,11,turtlebot,1,0.9190000295639038,0.1697549544624083,0.7492450751014955,12.59
422,11,turtlebot,1,0.9190000295639038,0.16630513182015277,0.7526948977437511,12.31
423,11,turtlebot,1,0.8980000019073486,0.1697549544624083,0.7282450474449403,12.18
424,11,turtlebot,1,0.8980000019073486,0.1697549544624083,0.7282450474449403,13.69
425,11,turtlebot,1,0.8980000019073486,0.17328752938971514,0.7247124725176335,12.58
426,11,turtlebot,1,0.9300000071525574,0.16630513182015277,0.7636948753324047,11.93
427,11,turtlebot,1,0.9300000071525574,0.16630513182015277,0.7636948753324047,12.99
428,11,turtlebot,1,0.847000002861023,0.16630513182015277,0.6806948710408702,12.12
429,11,turtlebot,1,0.847000002861023,0.16293540335793433,0.6840645995030886,13.21
430,11,turtlebot,1,0.847000002861023,0.15964321847913937,0.6873567843818835,13.2
431,11,turtlebot,1,0.847000002861023,0.15964321847913937,0.6873567843818835,11.87
432,11,turtlebot,1,0.847000002861023,0.16293540335793433,0.6840645995030886,12.92
433,11,turtlebot,1,0.8130000233650208,0.15964321847913937,0.6533568048858813,9.64
434,11,turtlebot,1,0.8130000233650208,0.15642612887832164,0.6565738944866991,13.09
435,11,turtlebot,1,0.8130000233650208,0.15020792448300002,0.6627920988820207,12.19
436,11,turtlebot,1,0.8410000205039978,0.15020792448300002,0.6907920960209978,12.94
437,11,turtlebot,1,0.8410000205039978,0.15020792448300002,0.6907920960209978,12.03
438,11,turtlebot,1,0.8870000243186951,0.1442630692313029,0.7427369550873921,13.07
439,11,turtlebot,1,0.8870000243186951,0.1442630692313029,0.7427369550873921,13.81
440,11,turtlebot,1,0.8870000243186951,0.1442630692313029,0.7427369550873921,9.81
441,11,turtlebot,1,0.8349999785423279,0.13857519093650617,0.6964247876058217,11.34
442,11,turtlebot,1,0.8349999785423279,0.13857519093650617,0.6964247876058217,14.15
443,11,turtlebot,1,0.8019999861717224,0.13582284027360883,0.6661771458981136,14.04
444,11,turtlebot,1,0.8019999861717224,0.13312914386940133,0.6688708423023211,13.83
445,11,turtlebot,1,0.8019999861717224,,,14.13
446,11,turtlebot,1,0.8240000009536743,,,13.96
447,11,turtlebot,1,0.8240000009536743,,,13.95
448,11,turtlebot,1,0.8240000009536743,0.15642612887832164,0.6675738720753527,14.07
449,11,turtlebot,1,0.8109999895095825,0.17690562774745616,0.6340943617621264,12.42
450,11,turtlebot,1,0.8109999895095825,0.2093041012015816,0.6016958883080009,13.32
451,11,turtlebot,1,0.7929999828338623,0.23323147187787457,0.5597685109559878,13.62
452,11,turtlebot,1,0.7929999828338623,0.249233024445843,0.5437669583880194,13.7
453,11,turtlebot,1,0.7929999828338623,0.2791410997911054,0.5138588830427568,24.1
454,11,turtlebot,1,0.7379999756813049,0.2993367444475917,0.43866323123371326,9.58
455,11,turtlebot,1,0.7379999756813049,0.2993367444475917,0.43866323123371326,9.53
456,11,turtlebot,1,0.7379999756813049,0.29239880262741114,0.4456011730538938,9.25
457,11,turtlebot,1,0.7379999756813049,0.29239880262741114,0.4456011730538938,9.0
458,11,turtlebot,1,0.8259999752044678,0.29239880262741114,0.5336011725770566,17.77
459,11,turtlebot,1,0.8259999752044678,0.29239880262741114,0.5336011725770566,15.62
460,11,turtlebot,1,0.8259999752044678,0.285669771969743,0.5403302032347248,53.74
461,11,turtlebot,1,0.8259999752044678,0.2791410997911054,0.5468588754133623,13.53
462,11,turtlebot,1,0.7860000133514404,0.285669771969743,0.5003302413816975,24.22
463,11,turtlebot,1,0.7860000133514404,0.2791410997911054,0.506858913560335,9.13
464,11,turtlebot,1,0.7860000133514404,0.27280467206671555,0.5131953412847249,12.91
465,11,turtlebot,1,0.7279999852180481,0.2791410997911054,0.4488588854269427,48.74
466,11,turtlebot,1,0.7279999852180481,0.27280467206671555,0.45519531315133255,10.38
467,11,turtlebot,1,0.7279999852180481,0.2666527865353741,0.461347198682674,9.23
468,11,turtlebot,1,0.7889999747276306,0.27280467206671555,0.5161953026609151,37.08
469,11,turtlebot,1,0.7889999747276306,0.2666527865353741,0.5223471881922566,12.13
470,11,turtlebot,1,0.8820000290870667,0.26067812771579413,0.6213219013712725,44.5
471,11,turtlebot,1,0.8820000290870667,0.26067812771579413,0.6213219013712725,42.34
472,11,turtlebot,1,0.8820000290870667,0.26067812771579413,0.6213219013712725,18.05
473,11,turtlebot,1,0.8820000290870667,0.2548737436803215,0.6271262854067452,50.52
474,11,turtlebot,1,0.8820000290870667,0.2548737436803215,0.6271262854067452,53.83
475,11,turtlebot,1,0.8820000290870667,0.2548737436803215,0.6271262854067452,21.72
476,11,turtlebot,1,0.8820000290870667,0.249233024445843,0.6327670046412237,43.9
477,11,turtlebot,1,0.6890000104904175,0.249233024445843,0.4397669860445745,49.07
478,11,turtlebot,1,0.6890000104904175,0.24374968185416074,0.44525032863625674,37.13
479,11,turtlebot,1,0.6890000104904175,0.24374968185416074,0.44525032863625674,49.23
480,11,turtlebot,1,0.6890000104904175,0.24374968185416074,0.44525032863625674,27.57
481,11,turtlebot,1,0.6890000104904175,0.23841773082536105,0.45058227966505643,46.24
482,11,turtlebot,1,0.6890000104904175,0.23841773082536105,0.45058227966505643,46.19
483,11,turtlebot,1,0.6890000104904175,0.23841773082536105,0.45058227966505643,21.88
484,11,turtlebot,1,0.6710000038146973,0.23323147187787457,0.4377685319368227,47.99
485,11,,0,0.6710000038146973,,,25.13
486,11,,0,0.6710000038146973,,,20.59
487,11,,0,0.6710000038146973,,,14.91
488,11,,0,0.6320000290870667,,,15.52
489,11,,0,0.6320000290870667,,,15.04
490,11,,0,0.6320000290870667,,,15.0
491,11,,0,0.5669999718666077,,,15.0
492,11,,0,0.5669999718666077,,,14.59
493,11,,0,0.5669999718666077,,,15.57
494,11,,0,0.5170000195503235,,,14.91
495,24,turtlebot,1,0.5170000195503235,0.26067812771579413,0.25632189183452936,14.99
496,24,turtlebot,1,0.5170000195503235,0.26067812771579413,0.25632189183452936,14.88
497,24,turtlebot,1,0.47999998927116394,0.2548737436803215,0.22512624559084243,14.52
498,24,turtlebot,1,0.47999998927116394,0.2548737436803215,0.22512624559084243,15.59
499,24,turtlebot,1,0.47999998927116394,0.249233024445843,0.23076696482532094,15.11
500,24,turtlebot,1,0.4819999933242798,0.249233024445843,0.2327669688784368,14.99
501,24,turtlebot,1,0.4819999933242798,0.24374968185416074,0.23825031147011905,15.01
502,24,turtlebot,1,0.4819999933242798,0.24374968185416074,0.23825031147011905,13.6
503,24,turtlebot,1,0.5170000195503235,0.23841773082536105,0.27858228872496243,16.67
504,24,turtlebot,1,0.5170000195503235,0.23841773082536105,0.27858228872496243,15.02
505,24,turtlebot,1,0.5170000195503235,0.23323147187787457,0.2837685476724489,15.01
506,24,turtlebot,1,0.5680000185966492,0.23323147187787457,0.3347685467187746,14.88
507,24,turtlebot,1,0.5680000185966492,0.22818547481810797,0.3398145437785412,14.63
508,24,turtlebot,1,0.5680000185966492,0.22327456351083647,0.3447254550858127,15.42
509,24,turtlebot,1,0.6200000047683716,0.21849380164908005,0.4015062031192915,14.96
510,24,turtlebot,1,0.6200000047683716,0.21849380164908005,0.4015062031192915,15.11
511,24,turtlebot,1,0.6200000047683716,0.2138384794490038,0.4061615253193678,14.93
512,24,turtlebot,1,0.6629999876022339,0.2138384794490038,0.4491615081532301,14.41
513,24,,0,0.6629999876022339,,,15.59
514,24,,0,0.6629999876022339,,,15.1
515,24,,0,0.6880000233650208,,,14.93
516,24,,0,0.6880000233650208,,,14.63
517,24,,0,0.6880000233650208,,,14.88
518,24,,0,0.6299999952316284,,,15.42
519,24,,0,0.6299999952316284,,,15.1
520,24,,0,0.6299999952316284,,,14.95
521,24,,0,0.6919999718666077,,,14.93
522,24,,0,0.6919999718666077,,,14.49
523,36,turtlebot,1,0.6919999718666077,0.5151692392254301,0.17683073264117755,15.62
524,36,turtlebot,1,0.7089999914169312,0.5151692392254301,0.19383075219150103,14.99
525,36,turtlebot,1,0.7089999914169312,0.5151692392254301,0.19383075219150103,15.0
526,36,turtlebot,1,0.7089999914169312,0.5006499694529869,0.20835002196394425,14.88
527,36,turtlebot,1,0.7480000257492065,0.5151692392254301,0.23283078652377642,14.57
528,36,turtlebot,1,0.7480000257492065,0.5151692392254301,0.23283078652377642,15.67
529,36,turtlebot,1,0.7480000257492065,0.530292072265639,0.21770795348356753,14.84
530,36,turtlebot,1,0.7170000076293945,0.530292072265639,0.18670793536375552,14.86
531,36,turtlebot,1,0.7170000076293945,0.530292072265639,0.18670793536375552,15.23
532,36,turtlebot,1,0.7170000076293945,0.530292072265639,0.18670793536375552,14.14
533,36,turtlebot,1,0.7170000076293945,0.530292072265639,0.18670793536375552,13.75
534,36,turtlebot,1,0.6959999799728394,0.5006499694529869,0.19535001051985246,9.73
535,36,turtlebot,1,0.6959999799728394,0.530292072265639,0.16570790770720034,20.32
536,36,turtlebot,1,0.6959999799728394,0.530292072265639,0.16570790770720034,9.64
537,36,turtlebot,1,0.6970000267028809,0.5460532758583061,0.15094675084457476,10.05
538,36,turtlebot,1,0.6970000267028809,0.5151692392254301,0.18183078747745074,49.66
539,36,turtlebot,1,0.7850000262260437,0.5151692392254301,0.2698307870006136,24.74
540,36,turtlebot,1,0.7850000262260437,0.530292072265639,0.2547079539604047,24.61
541,36,turtlebot,1,0.7850000262260437,0.530292072265639,0.2547079539604047,14.71
542,36,turtlebot,1,0.7850000262260437,0.530292072265639,0.2547079539604047,11.86
543,36,turtlebot,1,0.7049999833106995,0.5460532758583061,0.15894670745239337,20.98
544,36,turtlebot,1,0.7049999833106995,0.530292072265639,0.17470791104506045,15.09
545,36,turtlebot,1,0.9129999876022339,0.530292072265639,0.3827079153365949,14.94
546,36,turtlebot,1,0.9129999876022339,0.5460532758583061,0.3669467117439278,14.9
547,36,turtlebot,1,0.9129999876022339,0.5151692392254301,0.39783074837680377,14.56
548,36,turtlebot,1,0.9480000138282776,0.5006499694529869,0.4473500443752907,15.54
549,36,turtlebot,1,0.9480000138282776,0.5006499694529869,0.4473500443752907,15.01
550,36,turtlebot,1,0.9480000138282776,0.5006499694529869,0.4473500443752907,15.04
551,36,turtlebot,1,0.6489999890327454,0.48670181857260936,0.162298170460136,11.46
552,36,turtlebot,1,0.6489999890327454,0.5006499694529869,0.14835001957975846,20.72
553,36,turtlebot,1,0.6489999890327454,0.4479911942833969,0.20100879474934846,15.49
554,36,turtlebot,1,0.7979999780654907,0.4479911942833969,0.3500087837820938,15.07
555,36,turtlebot,1,0.7979999780654907,0.5460532758583061,0.2519467022071846,14.97
556,36,turtlebot,1,0.7979999780654907,0.5460532758583061,0.2519467022071846,14.95
557,36,turtlebot,1,1.0679999589920044,0.5460532758583061,0.5219466831336983,14.6
558,36,turtlebot,1,1.0679999589920044,0.5624902309514161,0.5055097280405882,15.55
559,36,turtlebot,1,1.0679999589920044,0.5624902309514161,0.5055097280405882,14.97
560,36,turtlebot,1,1.2610000371932983,0.5796431252463288,0.6813569119469696,15.01
561,36,turtlebot,1,1.2610000371932983,0.5460532758583061,0.7149467613349922,15.01
562,36,turtlebot,1,1.2610000371932983,0.5460532758583061,0.7149467613349922,14.54
563,36,turtlebot,1,1.496999979019165,0.5151692392254301,0.9818307397937349,15.49
564,36,turtlebot,1,1.496999979019165,0.530292072265639,0.966707906753526,15.02
565,36,turtlebot,1,1.496999979019165,0.530292072265639,0.966707906753526,14.99
566,36,turtlebot,1,0.6259999871253967,0.5460532758583061,0.07994671126709063,14.88
567,36,turtlebot,1,0.6259999871253967,0.530292072265639,0.09570791485975771,14.69
568,36,turtlebot,1,0.6259999871253967,0.530292072265639,0.09570791485975771,12.18
569,36,turtlebot,1,0.5870000123977661,0.5460532758583061,0.040946736539460016,20.27
570,36,turtlebot,1,0.5870000123977661,0.5460532758583061,0.040946736539460016,15.01
571,36,turtlebot,1,0.5870000123977661,0.5460532758583061,0.040946736539460016,14.98
572,36,turtlebot,1,0.6129999756813049,0.5624902309514161,0.050509744729888784,14.59
573,36,turtlebot,1,0.6129999756813049,0.5624902309514161,0.050509744729888784,15.44
574,36,turtlebot,1,0.6129999756813049,0.5624902309514161,0.050509744729888784,15.03
575,36,turtlebot,1,0.6019999980926514,0.5624902309514161,0.03950976714123522,14.94
576,36,turtlebot,1,0.6019999980926514,0.5624902309514161,0.03950976714123522,14.86
577,36,turtlebot,1,0.6019999980926514,0.5460532758583061,0.05594672223434527,14.66
578,36,turtlebot,1,0.48100000619888306,0.5460532758583061,0.06505326965942304,15.56
579,36,turtlebot,1,0.48100000619888306,0.5460532758583061,0.06505326965942304,15.0
580,36,turtlebot,1,0.48100000619888306,0.530292072265639,0.04929206606675596,14.73
581,36,turtlebot,1,0.5519999861717224,0.5151692392254301,0.03683074694629229,15.24
582,36,turtlebot,1,0.5519999861717224,0.5006499694529869,0.051350016718735514,14.62
583,36,turtlebot,1,0.5519999861717224,0.5006499694529869,0.051350016718735514,15.41
584,36,turtlebot,1,0.5519999861717224,0.5006499694529869,0.051350016718735514,15.06
585,36,turtlebot,1,0.5519999861717224,0.48670181857260936,0.06529816759911306,15.0
586,36,turtlebot,1,0.5519999861717224,0.5006499694529869,0.051350016718735514,14.88
587,36,turtlebot,1,0.5320000052452087,0.48670181857260936,0.04529818667259938,14.66
588,36,turtlebot,1,0.5320000052452087,0.48670181857260936,0.04529818667259938,15.48
589,36,turtlebot,1,0.5320000052452087,0.48670181857260936,0.04529818667259938,14.99
590,36,turtlebot,1,0.4320000112056732,0.46039978330829207,0.028399772102618848,14.97
591,36,turtlebot,1,0.4320000112056732,0.4479911942833969,0.01599118307772368,15.02
592,36,turtlebot,1,0.4320000112056732,0.4360440148808878,0.004044003675214569,14.59
593,36,turtlebot,1,0.5339999794960022,0.46039978330829207,0.07360019618771013,15.51
594,36,turtlebot,1,0.5339999794960022,0.4479911942833969,0.0860087852126053,14.93
595,36,turtlebot,1,0.5339999794960022,0.46039978330829207,0.07360019618771013,15.01
596,36,turtlebot,1,0.5270000100135803,0.4360440148808878,0.09095599513269254,14.81
597,36,turtlebot,1,0.5270000100135803,0.4360440148808878,0.09095599513269254,14.76
598,36,turtlebot,1,0.5270000100135803,0.4360440148808878,0.09095599513269254,15.43
599,36,turtlebot,1,0.5170000195503235,0.4360440148808878,0.0809560046694357,15.04
600,36,turtlebot,1,0.5170000195503235,0.42453508175407445,0.09246493779624904,14.94
601,36,turtlebot,1,0.5170000195503235,0.4360440148808878,0.0809560046694357,15.04
602,36,turtlebot,1,0.5149999856948853,0.42453508175407445,0.0904649039408108,14.52
603,36,turtlebot,1,0.5149999856948853,0.42453508175407445,0.0904649039408108,15.5
604,36,turtlebot,1,0.5149999856948853,0.42453508175407445,0.0904649039408108,15.01
605,36,turtlebot,1,0.5009999871253967,0.42453508175407445,0.07646490537132228,14.96
606,36,turtlebot,1,0.5009999871253967,0.4027464448382803,0.09825354228711641,14.87
607,36,turtlebot,1,0.5009999871253967,0.4027464448382803,0.09825354228711641,14.76
608,36,turtlebot,1,0.49300000071525574,0.39242724296618864,0.1005727577490671,15.39
609,36,turtlebot,1,0.49300000071525574,0.4027464448382803,0.09025355587697542,15.02
610,36,turtlebot,1,0.49300000071525574,0.39242724296618864,0.1005727577490671,15.04
611,36,turtlebot,1,0.4790000021457672,0.38246710187341976,0.09653290027234745,15.04
612,36,turtlebot,1,0.4790000021457672,0.249233024445843,0.2297669776999242,14.64
613,36,turtlebot,1,0.4790000021457672,0.3214967681723667,0.1575032339734005,15.44
614,36,turtlebot,1,0.47099998593330383,0.38246710187341976,0.08853288405988408,14.97
615,36,turtlebot,1,0.47099998593330383,0.39242724296618864,0.0785727429671152,14.98
616,36,turtlebot,1,0.47099998593330383,0.4027464448382803,0.06825354109502352,14.83
617,36,turtlebot,1,0.4620000123977661,0.41344268197695716,0.04855733042080895,14.78
618,36,turtlebot,1,0.4620000123977661,0.4027464448382803,0.0592535675594858,15.13
619,36,turtlebot,1,0.4620000123977661,0.41344268197695716,0.04855733042080895,15.26
620,36,turtlebot,1,0.453000009059906,0.4027464448382803,0.05025356422162569,15.06
621,36,turtlebot,1,0.453000009059906,0.4027464448382803,0.05025356422162569,14.49
622,36,turtlebot,1,0.453000009059906,0.4027464448382803,0.05025356422162569,15.0
623,36,turtlebot,1,0.453000009059906,0.4027464448382803,0.05025356422162569,15.44
624,36,turtlebot,1,0.453000009059906,0.39242724296618864,0.06057276609371737,15.04
625,36,turtlebot,1,0.453000009059906,0.38246710187341976,0.07053290718648625,14.99
626,36,turtlebot,1,0.43700000643730164,0.38246710187341976,0.05453290456388188,14.79
627,36,turtlebot,1,0.43700000643730164,0.3728491171117501,0.06415088932555152,14.57
628,36,turtlebot,1,0.43700000643730164,0.38246710187341976,0.05453290456388188,15.72
629,36,turtlebot,1,0.4259999990463257,0.38246710187341976,0.04353289717290593,15.05
630,36,turtlebot,1,0.4259999990463257,0.3635573783114106,0.06244262073491508,14.47
631,36,turtlebot,1,0.4259999990463257,0.3728491171117501,0.05315088193457557,15.49
632,36,turtlebot,1,0.41600000858306885,0.3635573783114106,0.05244263027165824,14.54
633,36,turtlebot,1,0.41600000858306885,0.35457689945793763,0.061423109125131214,15.48
634,36,turtlebot,1,0.41600000858306885,0.35457689945793763,0.061423109125131214,14.99
635,36,turtlebot,1,0.40700000524520874,0.35457689945793763,0.05242310578727111,15.01
636,36,turtlebot,1,0.40700000524520874,0.3458935548267276,0.06110645041848112,14.83
637,36,turtlebot,1,0.40700000524520874,0.3458935548267276,0.06110645041848112,14.75
638,36,turtlebot,1,0.3970000147819519,0.33749402005557155,0.05950599472638035,15.43
639,36,turtlebot,1,0.3970000147819519,0.33749402005557155,0.05950599472638035,15.07
640,36,turtlebot,1,0.3970000147819519,0.3214967681723667,0.07550324660958518,15.03
641,36,turtlebot,1,0.3869999945163727,0.3214967681723667,0.06550322634400596,14.93
642,36,turtlebot,1,0.3869999945163727,0.3138759417263864,0.0731240527899863,14.58
643,36,turtlebot,1,0.3869999945163727,0.3138759417263864,0.0731240527899863,15.56
644,36,turtlebot,1,0.375,0.3138759417263864,0.06112405827361361,14.87
645,36,turtlebot,1,0.375,0.3064926177484699,0.06850738225153008,15.03
646,36,turtlebot,1,0.375,0.2993367444475917,0.07566325555240833,14.85
647,36,turtlebot,1,0.36500000953674316,0.3064926177484699,0.058507391788273244,14.69
648,36,turtlebot,1,0.36500000953674316,0.2993367444475917,0.06566326508915149,15.46
649,36,turtlebot,1,0.36500000953674316,0.2993367444475917,0.06566326508915149,14.93
650,36,turtlebot,1,0.35899999737739563,0.2993367444475917,0.059663252929803956,15.06
651,36,turtlebot,1,0.35899999737739563,0.29239880262741114,0.0666011947499845,15.02
652,36,turtlebot,1,0.35899999737739563,0.29239880262741114,0.0666011947499845,14.49
653,36,turtlebot,1,0.34599998593330383,0.29239880262741114,0.0536011833058927,15.55
654,36,turtlebot,1,0.34599998593330383,0.285669771969743,0.06033021396356081,15.05
655,36,turtlebot,1,0.34599998593330383,0.285669771969743,0.06033021396356081,14.99
656,36,turtlebot,1,0.335999995470047,0.2791410997911054,0.05685889567894159,14.82
657,36,turtlebot,1,0.335999995470047,0.2791410997911054,0.05685889567894159,14.69
658,36,turtlebot,1,0.335999995470047,0.27280467206671555,0.06319532340333145,15.54
659,36,turtlebot,1,0.32499998807907104,0.2666527865353741,0.058347201543696936,14.96
660,36,turtlebot,1,0.32499998807907104,0.2666527865353741,0.058347201543696936,15.01
661,36,turtlebot,1,0.32499998807907104,0.26067812771579413,0.06432186036327692,14.98
662,36,turtlebot,1,0.3199999928474426,0.2666527865353741,0.05334720631206852,14.59
663,36,turtlebot,1,0.3199999928474426,0.2666527865353741,0.05334720631206852,15.44
664,36,turtlebot,1,0.3199999928474426,0.2666527865353741,0.05334720631206852,15.0
665,36,turtlebot,1,0.3199999928474426,0.2666527865353741,0.05334720631206852,14.98
666,36,turtlebot,1,0.3109999895095825,0.2548737436803215,0.05612624582926101,14.8
667,36,turtlebot,1,0.3109999895095825,0.26067812771579413,0.05032186179378839,14.77
668,36,turtlebot,1,0.3109999895095825,0.2548737436803215,0.05612624582926101,15.48
669,36,turtlebot,1,0.2980000078678131,0.2548737436803215,0.0431262641874916,15.03
670,36,turtlebot,1,0.2980000078678131,0.249233024445843,0.04876698342197011,15.0
671,36,turtlebot,1,0.2980000078678131,0.2548737436803215,0.0431262641874916,15.11
672,36,turtlebot,1,0.2980000078678131,0.249233024445843,0.04876698342197011,14.5
673,36,turtlebot,1,0.2980000078678131,0.2548737436803215,0.0431262641874916,15.48
674,36,turtlebot,1,0.2980000078678131,0.2548737436803215,0.0431262641874916,14.71
675,36,turtlebot,1,0.28299999237060547,0.2548737436803215,0.02812624869028396,15.22
676,36,turtlebot,1,0.28299999237060547,0.2548737436803215,0.02812624869028396,14.82
677,36,turtlebot,1,0.2809999883174896,0.26067812771579413,0.020321860601695496,14.4
678,36,turtlebot,1,0.2809999883174896,0.26067812771579413,0.020321860601695496,15.8
679,36,turtlebot,1,0.2809999883174896,0.2548737436803215,0.026126244637168117,15.05
680,36,turtlebot,1,0.2809999883174896,0.26067812771579413,0.020321860601695496,14.96
681,36,turtlebot,1,0.2809999883174896,0.26067812771579413,0.020321860601695496,15.09
682,36,turtlebot,1,0.2809999883174896,0.26067812771579413,0.020321860601695496,14.54
683,36,turtlebot,1,0.2809999883174896,0.26067812771579413,0.020321860601695496,15.55
684,36,turtlebot,1,0.2809999883174896,0.2548737436803215,0.026126244637168117,15.01
685,36,turtlebot,1,0.2809999883174896,0.2548737436803215,0.026126244637168117,14.9
686,36,turtlebot,1,0.2809999883174896,0.2548737436803215,0.026126244637168117,14.84
687,36,turtlebot,1,0.2809999883174896,0.2548737436803215,0.026126244637168117,14.75
688,36,turtlebot,1,0.2809999883174896,0.2548737436803215,0.026126244637168117,15.5
689,36,turtlebot,1,0.2809999883174896,0.2548737436803215,0.026126244637168117,14.71
690,36,turtlebot,1,0.2809999883174896,0.26067812771579413,0.020321860601695496,15.27
691,36,turtlebot,1,0.2809999883174896,0.26067812771579413,0.020321860601695496,14.96
692,36,turtlebot,1,0.2809999883174896,0.2548737436803215,0.026126244637168117,14.59
693,36,turtlebot,1,0.2809999883174896,0.26067812771579413,0.020321860601695496,15.42
694,36,turtlebot,1,0.2809999883174896,0.2548737436803215,0.026126244637168117,15.02
695,36,turtlebot,1,0.2809999883174896,0.26067812771579413,0.020321860601695496,15.05
696,36,turtlebot,1,0.28200000524520874,0.26067812771579413,0.021321877529414612,14.79
697,36,turtlebot,1,0.28200000524520874,0.26067812771579413,0.021321877529414612,14.82
698,36,turtlebot,1,0.28200000524520874,0.26067812771579413,0.021321877529414612,15.5
699,36,turtlebot,1,0.28200000524520874,0.26067812771579413,0.021321877529414612,14.94
700,36,turtlebot,1,0.28200000524520874,0.26067812771579413,0.021321877529414612,14.95
701,36,turtlebot,1,0.28200000524520874,0.2548737436803215,0.027126261564887233,15.04
702,36,turtlebot,1,0.2809999883174896,0.26067812771579413,0.020321860601695496,14.48
703,36,turtlebot,1,0.2809999883174896,0.26067812771579413,0.020321860601695496,15.59
704,36,turtlebot,1,0.2809999883174896,0.26067812771579413,0.020321860601695496,15.04
705,36,turtlebot,1,0.2809999883174896,0.2548737436803215,0.026126244637168117,14.99
706,36,turtlebot,1,0.2809999883174896,0.2548737436803215,0.026126244637168117,14.77
707,36,turtlebot,1,0.2809999883174896,0.26067812771579413,0.020321860601695496,14.69
708,36,turtlebot,1,0.2809999883174896,0.26067812771579413,0.020321860601695496,15.48
709,36,turtlebot,1,0.2809999883174896,0.2548737436803215,0.026126244637168117,14.99
710,36,turtlebot,1,0.2809999883174896,0.2548737436803215,0.026126244637168117,15.05
711,36,turtlebot,1,0.28200000524520874,0.26067812771579413,0.021321877529414612,15.07
712,36,turtlebot,1,0.28200000524520874,0.2548737436803215,0.027126261564887233,14.45
713,36,turtlebot,1,0.28200000524520874,0.2548737436803215,0.027126261564887233,15.48
714,36,turtlebot,1,0.2809999883174896,0.2548737436803215,0.026126244637168117,15.02
715,36,turtlebot,1,0.2809999883174896,0.26067812771579413,0.020321860601695496,14.92
716,36,turtlebot,1,0.2809999883174896,0.2548737436803215,0.026126244637168117,14.87
717,36,turtlebot,1,0.27900001406669617,0.26067812771579413,0.01832188635090204,14.85
718,36,turtlebot,1,0.27900001406669617,0.2548737436803215,0.02412627038637466,15.38
719,36,turtlebot,1,0.27900001406669617,0.26067812771579413,0.01832188635090204,14.75
720,36,turtlebot,1,0.27799999713897705,0.26067812771579413,0.017321869423182923,15.27
721,36,turtlebot,1,0.27799999713897705,0.26067812771579413,0.017321869423182923,14.8
722,36,turtlebot,1,0.27799999713897705,0.26067812771579413,0.017321869423182923,14.46
723,36,turtlebot,1,0.27799999713897705,0.26067812771579413,0.017321869423182923,15.92
724,36,turtlebot,1,0.27799999713897705,0.26067812771579413,0.017321869423182923,14.65
725,36,turtlebot,1,0.27799999713897705,0.26067812771579413,0.017321869423182923,15.28
726,36,turtlebot,1,0.27799999713897705,0.26067812771579413,0.017321869423182923,14.56
727,36,turtlebot,1,0.27799999713897705,0.26067812771579413,0.017321869423182923,14.7
728,36,turtlebot,1,0.27799999713897705,0.26067812771579413,0.017321869423182923,15.6
729,36,turtlebot,1,0.27799999713897705,0.2666527865353741,0.011347210603602942,13.22
730,36,turtlebot,1,0.2809999883174896,0.2666527865353741,0.014347201782115515,17.55
731,36,turtlebot,1,0.2809999883174896,0.26067812771579413,0.020321860601695496,15.05
732,36,turtlebot,1,0.2809999883174896,0.26067812771579413,0.020321860601695496,9.79
733,36,turtlebot,1,0.2809999883174896,0.26067812771579413,0.020321860601695496,14.35
734,36,turtlebot,1,0.2809999883174896,0.26067812771579413,0.020321860601695496,24.25
735,36,turtlebot,1,0.2809999883174896,0.26067812771579413,0.020321860601695496,18.77
736,36,turtlebot,1,0.2809999883174896,0.26067812771579413,0.020321860601695496,14.85
737,36,turtlebot,1,0.2809999883174896,0.26067812771579413,0.020321860601695496,14.44
738,36,turtlebot,1,0.27799999713897705,0.2548737436803215,0.023126253458655543,15.59
739,36,turtlebot,1,0.27799999713897705,0.26067812771579413,0.017321869423182923,13.84
740,36,turtlebot,1,0.27799999713897705,0.26067812771579413,0.017321869423182923,9.38
741,36,turtlebot,1,0.2809999883174896,0.26067812771579413,0.020321860601695496,23.61
742,36,turtlebot,1,0.2809999883174896,0.26067812771579413,0.020321860601695496,20.43
743,36,turtlebot,1,0.2809999883174896,0.26067812771579413,0.020321860601695496,9.74
744,36,turtlebot,1,0.2809999883174896,0.26067812771579413,0.020321860601695496,15.05
745,36,turtlebot,1,0.2809999883174896,0.2548737436803215,0.026126244637168117,25.35
746,36,turtlebot,1,0.2809999883174896,0.2548737436803215,0.026126244637168117,18.15
747,36,turtlebot,1,0.2809999883174896,0.2548737436803215,0.026126244637168117,14.86
748,36,turtlebot,1,0.2809999883174896,0.2548737436803215,0.026126244637168117,15.37
749,36,turtlebot,1,0.2809999883174896,0.2548737436803215,0.026126244637168117,10.8
750,36,turtlebot,1,0.2809999883174896,0.2548737436803215,0.026126244637168117,24.92
751,36,turtlebot,1,0.2809999883174896,0.2548737436803215,0.026126244637168117,9.0
752,36,turtlebot,1,0.2809999883174896,0.249233024445843,0.031766963871646625,8.35
753,36,turtlebot,1,0.2800000011920929,0.2548737436803215,0.025126257511771388,24.32
754,36,turtlebot,1,0.2800000011920929,0.2548737436803215,0.025126257511771388,23.91
755,36,turtlebot,1,0.2800000011920929,0.2548737436803215,0.025126257511771388,24.61
756,36,turtlebot,1,0.2809999883174896,0.2548737436803215,0.026126244637168117,21.38
757,36,turtlebot,1,0.2809999883174896,0.26067812771579413,0.020321860601695496,14.7
758,36,turtlebot,1,0.2809999883174896,0.2548737436803215,0.026126244637168117,15.5
759,36,turtlebot,1,0.2800000011920929,0.26067812771579413,0.019321873476298768,15.0
760,36,turtlebot,1,0.2800000011920929,0.2548737436803215,0.025126257511771388,14.95
761,36,turtlebot,1,0.2800000011920929,0.26067812771579413,0.019321873476298768,14.74
762,36,turtlebot,1,0.2800000011920929,0.26067812771579413,0.019321873476298768,12.97
763,36,turtlebot,1,0.27900001406669617,0.26067812771579413,0.01832188635090204,12.99
